ID,Date,# of words in the review,Rating (1-5 stars),Review
2976,10/10/20,21,5, the best game i've ever played five stars best and ur dumb if u given tap 1 star 2 stars and 3 stars
2966,10/10/20,20,1, you spend money on the game when you don't get your dollars to play with on your fish tanks.
2717,10/10/20,15,4, seems like it will take forever to get fishbucks without having to use real bucks.
3082,10/10/20,27,1, hello i have a galaxy note 2 and i think the fishes are extremely little cannot even see them like on fish live and my phone is big.
3115,10/10/20,32,5, it's addicting i love it except when u upgrade to a new phone u lose all your data n memory.n wish u make tapfjsh season n taplets like the iphone
3047,10/10/20,24,1, it said i had an event so i waited and waited for 3 says for the event and it expired 2 minutes before it even started!
3032,10/10/20,23,4, i don't normally like these games but i am really enjoying this one - playing with my mum and love raiding her tanks!
2749,10/10/20,15,3, oops...didn't realize when i downloaded that it would be such an addictive game.
2933,10/10/20,19,3, it would be best to assign missions to accomplish where we can earn fishbucks/coins after completing a mission.
2714,10/10/20,15,4, you will not regret installing this app because once you do you will get addicted!
3084,10/10/20,27,3, if u didn't have to buy fish bucks &cud earn more the game wud be 10x's better cuz 75% of the fish & things are bucks not coins
2842,10/10/20,17,4, the only thing that is bad about this game is the fish bucks to hard to get
2851,10/10/20,17,1, also fish are so much smaller on my new galaxys3 than they were on my smaller old phone.
3009,10/10/20,22,4, only reason i don't give it a full 5 stars is that i don't like having to pay for virtual items
2869,10/10/20,18,5, just wish there were more opportunities to earn fishbucks in game beside buying and breeding hordes of fish.
2990,10/10/20,21,4, i'm doing trophies because i can't always afford to by them but they take quite a bit of time.
3055,10/10/20,25,5, it is very good because you can understand how to take care of fish from this game but the prices of everything is to high
3011,10/10/20,22,4, love this game but i cant open any of my neignblr tanks keeps sayi.g cant open server or someghing like that
2730,10/10/20,15,1, miss a day or two and you hve to pay them money or start over?
2887,10/10/20,18,1, now when i try to breed it won't allow me to even breed what i do have
2775,10/10/20,16,5, i love this game just with that some of the exotic fish weren't so exspensive
2986,10/10/20,21,4, this is an absolutely fun game but the missions completely striped me from my fish bucks and i am so dissopinted.
2992,10/10/20,21,4, every time i buy a fish i try to press the tool pad and it responds by buying more fish instead.
3107,10/10/20,31,5, i love the christmas octopus still please do a croc like the octopus do the breeding fish to get it please but still don't get rid of the submarine event
2975,10/10/20,20,2, the forcing close problem is really getting frustrating and i'm still upset that it costed me over 3 million coins!
3066,10/10/20,26,5, just wish some of the buttons were easier to click like the home gets aggravating clicking forever till it finally reads it because is so small
3134,10/10/20,37,1, i dont know wats wrong it kicks me out of the game then when i reopen it the screen is blue and i see a lock in the top right corner idk wats wrong but i unistalled...
3140,10/10/20,42,3, i love this game but i have had to upgrade to a newer version 2 times now and have had to start all over again both times and i was close to level ten this last time and at level 13 the first time.
2687,10/10/20,15,5, had to come back and give another review especially when your action was so quick!
2750,10/10/20,15,2, nevertheless the game still deserves 2 stars because i still get to see my fish grow!!
2793,10/10/20,16,1, however i would like my fish and items earned and purchased from my prior phone..please.
2995,10/10/20,21,3, you cant do some of the challenges because it cost fish bucks and not just a few a lot of em
2927,10/10/20,19,1, at least consider trading coins for fish bucka so everyone can enjoy the full extent of the (free) game .
2890,10/10/20,18,1, it's so stupid it always is force closing and when i click on things it' so slow!!!!
2745,10/10/20,15,3, i would go back in and wasn't able to touch anything on the tank.
3137,10/10/20,38,1, tap fish love tap fish (revised 12-8) used to love now bored almost every challenge or event costs bucks i have spent enough to to have a few new xbox games and the bloodsuckers want more no more 5 stars
3060,10/10/20,25,4, your update has taking most of my fish off my game and it won't let me bread anymore you best sort the job out!!
2872,10/10/20,18,5, it forcecloses whenever i visit other tanks and keeps my visits to other tanks very short on evo-3d.
2862,10/10/20,18,5, also all the fish usually cost a couple thousand fish bucks and 1300 fish bucks is one hundred dollors!
2981,10/10/20,21,5, *wink*  the word in the tap fish community on facebook is that my problems are the norm with transfers and updates.
3013,10/10/20,22,1, used to b a great game thou force closes too many times can not even buy a tank of fish without closing
3121,10/10/20,32,3, love the game love the fish pretty good tech support just wish you didn't need fish bucks to complete missions or just make the fish like 1 or 2 fish bucks rather than 20+.
2688,10/10/20,15,5, best game for kids to learn how to take care of they'er fish pets
2748,10/10/20,15,3, need more ways to get bucks or lower prices on fish to higher coin ratio.
3008,10/10/20,22,4, it is fun but would be better if the fish grew faster or new fish that took a few mins to grow
2913,10/10/20,19,5, very very very very  vey very very vey very very very very very very very very very very goooooooooooooooooooooooooooooooooooooooooooooooooooooooooooooooooooooooooooooooooooooooooooooooood!
3003,10/10/20,22,4, id give it 5 stars if you could buy more fish bucks using just fish coins other than that its a good game.
2972,10/10/20,20,3, once you get 100k in coins it's easy to earn more coins quickly with things like mummy/box and cardinals.
2700,10/10/20,15,5, no clue why it has a community button yet even with out a gift tab.
3102,10/10/20,30,4, i love this game but the bucks need to be easier to get cause a lot of stuff needed like fish or other things call for being bought with bucks.
2977,10/10/20,21,5, i'm on round 2 of playing i was in my lvl 30s before getting a new phone and wanting to start again.
3161,10/10/20,76,1, free app but you still have to come out of your pockets to much to play maybe if you can win more than 5 fish bucks that would be great oh and spin too win is full of ish wasted more than 200 fish bucks for 2 fish that r only going to b on the wheel till tomorrow i think i'm going to get rid of this game what a rip off can i get a refund
3014,10/10/20,22,1, never got the credit and when i sent an email they took 25 of the fish bucks i already had on my account.
3093,10/10/20,29,5, since it's debut in 2010 they continue to add new fish & adventures that make each day a delight & a nice escape from the worries of my own poor health.
2939,10/10/20,19,3, i have learned that the fish actually flat at the top of the tank dead until they are revived.
2884,10/10/20,18,4, when ever i try to breed mystery fish it always tells me i haven't any to breed.
2919,10/10/20,19,4, it's like taking care of real fish but when these die you can revive them back to life.
3024,10/10/20,23,5, you could get neighbours and take care of their fish and get tap fish money while sombody is taking care of your fish!
2958,10/10/20,20,5, its a fun game..its you a chance to be a creative and not spend real money while doing so
3023,10/10/20,22,2, ok...  but need a better way to earn fish bucks and coins and more starter fish for less that earn more money...
2811,10/10/20,17,5, but when you put a quest out lately the things you need to buy are pretty high.
2907,10/10/20,19,5, i use the evo 4g and tapfish sometimes won't open for me or generates further issues with my phone.
2773,10/10/20,16,5, the one thing that would make it the best would be to add a gift tab.
2930,10/10/20,19,1, go ahead have fun trying to make some money to buy stuff that you must have to move forward.
2825,10/10/20,17,5, when i try to breed my limited breedables i get  a message that i dont have any!
3133,10/10/20,36,2, its a awesome game but i have downloaded a couple things and did surveys on some and it wont give me my fish bucks fix this and i will give the game a 5 star rating again
2712,10/10/20,15,4, since the last update my live wallpaper doesn't show any of my tank decorations.
2790,10/10/20,16,4, only play the game couple times but it's just like the facebook fish tank game
3128,10/10/20,35,5, its good fun and good if you are out and it good because when you are bord you can just get it out and thats makes me happy so i go from bord to happy
2784,10/10/20,16,4, it's a good game i had for years but i didn't get no updates
2956,10/10/20,20,5, only drawback is how long it takes to breed and not getting enough fish bucks or coins without buying them!
3028,10/10/20,23,5, i've only been playing for about two weeks and its soooooooooooooooooooo fun really really fun and thanks for making such amazing fish
3110,10/10/20,31,4, i just download the game not even a week ago and i am still trying to figure out things plz help me out if you know how to get bucks faster!
3152,10/10/20,51,4, i got this as a game to keep me busy but after recent updates most of the fish you have to buy fish bucks for so unfortunately if your like me and don't want to spend money on apps then this isn't as good a game as it seems.
2815,10/10/20,17,4, when i try to breed my limited breedables i get  a message that i dont have any!
2953,10/10/20,20,5, me facina este juego me entretiene cuando estoy aburrida mas cuando tienes q juntarlos para pre?ar jajaja esta chistoso...
2829,10/10/20,17,5, love fish so tapfish is excellent just as long as none of my fish die on me
2908,10/10/20,19,5, needs to make an easier way to get fish bucks other than downloading nonsense to your phone or buying.
3090,10/10/20,28,1, game will finally open but i revive.my fish and when i move to another tank and go back to the revived tank the fish are dead again.
3109,10/10/20,31,4, i love the game the bubble tips do annoy me but i want to know is how do i get more bucks without buying them and downloading games to get them?!?!
3159,10/10/20,67,1, game keeps fore closing alot...i would by a lot of fb  but not any more...its so expensive to buy fish...it use to be lots of fun..all ways on it..now i had to flush most of my fish cuz had no fb...and its hard to get fish when you have to try and win them... things need to change and please fix!!!!
2785,10/10/20,16,4, tapfish 2 has more cool fish but u can't get if u already have this version.
2855,10/10/20,17,3, freezes but its good for kids that you dont want to buy a real fish for lol
3122,10/10/20,33,5, its so addicting i love this game and i agree its fun i've had it on my other phone and ipod i just wish i could of stayed with my previous level.
2870,10/10/20,18,5, i think this game helps me learn how to take care of fish and clean up after them:-)
2689,10/10/20,15,5, also it's slower than before and seems to have more excuses to force close.
3087,10/10/20,28,5, best game ever i only wish i could transfer my tank from my old phone to my new phone so that i wouldn't have to start over.
2694,10/10/20,15,5, the graphics are great but i wish somethings didn't cost so many fish bucks.
2863,10/10/20,18,5, love this game just whish it was eazier to gain fish bucks but its the best game yet
2891,10/10/20,18,3, would have liked to add my friend as a buddy but she uses iphone and i have android.
3080,10/10/20,27,4, if there were easier ways to get fish bucks besides all the deals that i don't want to partake in i would definitely give it a 5.
3095,10/10/20,29,1, good for whats its worth.needs to speed up breeding of fish...three days is way to long.what is up with bubble tip on update its nerve racking.
3103,10/10/20,30,1, one of my tanks disapeared and had my cute angel fish and some money makers and decorations are just gone thinking about deleting if they won't help me out
3071,10/10/20,26,1, a load of crap real money stupid prices for fake fish and when you sell them you lose fake money this is now only worth 1 star.
2741,10/10/20,15,3, so then i have to take the battery out to get it to work again.
3046,10/10/20,24,1, bought fish buck and never got them 20.00 worth now have to call bank to fight it stop deleteing my post and refund my money!!!!
2761,10/10/20,16,5, it could be alittle better if there was a way to cash in coins for bucks
2925,10/10/20,19,4, this game if super fun bt now the thing thats keepin me from fully enjoyin it is the money..
3051,10/10/20,24,2, tap fish is a memory-hog of an app: often force-closes when i try to open it because the vm budget is exceeded.
3075,10/10/20,27,5, absolutely love this app......i love fish and all that live in it......this is great.....way cheaper and easier to take care of for sure.....lol
2848,10/10/20,17,1, they are suppose to grow in 3 days and it's 5 days later and they aren't breeding.
2800,10/10/20,16,3, ok game i like it i had bigger ones b4 i deleted game cant get it back
2941,10/10/20,20,5, fix the way u click sponge n change tank to clean it is easy to do and less time consuming
2904,10/10/20,19,5, i love this game and.the events that happen now and then but please dont make everything fish buks
3005,10/10/20,22,4, the last update took away some pretty cool fish that u can only get if u download the tapfish exotic to get.
2701,10/10/20,15,5, the events are fun though and i find myself playing this game throughout the day.
2723,10/10/20,15,4, love this app i just wish there was an easier way to .earn fish bucks
2940,10/10/20,19,2, once upon a time i rated this app 5 stars but as of last update my enjoyment level has changed.
2802,10/10/20,16,3, it's fairly easy to earn coins selling fish but fish bucks are a different matter.
3149,10/10/20,49,4, would rate it a 5 star but for some odd reason i can't breed any of my mystery fish so it's like if i bought them for nothing!:( please fix!:( also lower the fish prizes a bit please and it will definitely be a 5 star game for me!!!:)
2994,10/10/20,21,3, i would have given this 5 stars but it takes way to long to build up fish bucks and advance may uninstall
2960,10/10/20,20,4, i like this game it passes the time... it is a bit slow but when i'm waiting for appts.
2822,10/10/20,17,5, i just wish all the compiled data would store on the sd card along with the app.
3069,10/10/20,26,4, i want to be able to earn more bucks for free and actually get without having to email the ppl who trouble shoot for the game.
3160,10/10/20,68,1, i'm out of fish bucks and i'm not allowed to buy any and my fish in my second tank are dead and i can't revive them fix this or i'm uninstalling and i've downloaded fasion story no free fish buck thas just messed up i wish you could earn more fish bucks easily and to revive fish it be 100 coins best game ever
3037,10/10/20,23,1, i was so having fun until it started force closing on me everytime i open it i now deleting getting on nerves  sorry
2763,10/10/20,16,5, only downside is a lot of fish can't be used without buying in game credits.
2729,10/10/20,15,1, at first i loved thiz app then i download the update it dosent let play
2818,10/10/20,17,1, i guess i shld have tried to be more careful and not delete my fish bucks too.
3144,10/10/20,45,2, i like getting the extra coins for 100% happiness but that no longer happens because  all my tanks are now 65% at best and i took nothing out of them to change it......there are other weird things going on as well like no algae build up!!!
2776,10/10/20,16,5, wish i could breed the brad.wish i could turn my coins into fish bucks too.
2768,10/10/20,16,5, but anyways u can do a bunch of stuff and even be your live wallpaper 5 star
3053,10/10/20,25,5, this is a fun game where if my fish die i don't have to worry about what to do with them or the equipment!
2764,10/10/20,16,5, i luv this game and i think everyone should install it because it is really fun!!!!!!!
2724,10/10/20,15,4, u can breed some very beautiful fishes the beautiful they are the higher they cost.
2973,10/10/20,20,2, the first time it appeared the only way i could get rid if it was to delete my game data.
3038,10/10/20,23,3, its an ok game...would be better if everything didnt cost so much and its nearly impossible to earn fish bucks or coins :(
2868,10/10/20,18,5, i almost didn't reinstall cuz i had spent so much time and money on my old game.
2928,10/10/20,19,1, sent an email asking for help and was basically told to be more careful not to delete my tanks.
3116,10/10/20,32,5, at first i got this for my daughter now i can't put it down..the only problem is they should make it alittle easier to get bucks other wise very addicting
2856,10/10/20,17,3, it ne easier if fish buks cus be earned faster rather than duin all those app downloads.
3041,10/10/20,24,5, only thing is i wish you had to confirm a purchase with fish bucks because i've accidentally bought things i didn't want ):
2993,10/10/20,21,1, i enjoy playing tap fish a lot & just to let everyone know...this company promptly fixes issues & has excellent customer service!!!!
2789,10/10/20,16,4, i play this with my children but i play even more alone when they are sleeping!
3119,10/10/20,32,3, i would rate higher but ive played this game on and off on seperate devices for about a year and there has been not many changes......upgrade and ill change my rating
3007,10/10/20,22,4, great game but i usually have to try and open the game twice before it finally lets me in 4 stars till fixed
2880,10/10/20,18,4, not much to do once the fish have been fed the tank is cleaned and everyone is happy.
2875,10/10/20,18,4, so much money and time  spent on my guilty pleasure turned addiction and can't even open it.
2778,10/10/20,16,5, i love it but wish there was mini games you could play to win fish bucks
2805,10/10/20,16,3, the game is great except i got a new phone and couldn't transfer it over.
2706,10/10/20,15,5, i haven't spent a dime and so far it has been worth every cent!
2696,10/10/20,15,5, i love this game so much it is so awesome you have to play it!!!!!!   :-)
2744,10/10/20,15,3, otherwise you have to spend real money to get what you need for the game.
2970,10/10/20,20,3, really addictive i think this game is great i have 3 fish tank my son has tanks on his phone also
2722,10/10/20,15,4, i love fish in general but i love the challenge of a game even better.
3027,10/10/20,23,5, i love this game i'm on it all the time the only thing i don't like is your new bubble idea
2901,10/10/20,18,2, i have to have my phone horizontally in order for it to start up on the first attempt.
3026,10/10/20,23,5, really fun game...i play together with my 9 year old and we have so much fun showing each other what we have done...5 *****
2845,10/10/20,17,4, this game is really fun exept the part when everything is slow or it takes too long:-\
2781,10/10/20,16,5, all you have to do is email the creators & tell them you need to switch devices.
2929,10/10/20,19,1, go ahead have fun trying to make some money to buy stuff that you must have to move forward.
3101,10/10/20,30,5, i really like the game but am disappointed that most of the objects you need or want to buy must be bought with fish bucks other than that great game
3042,10/10/20,24,5, it's fun to play but i wish it was easier to get fish bucks instead of spending your own money on virtual fish.
2957,10/10/20,20,5, if u love to have fishes in a tank this is the perfect game to help take care ur pet
2847,10/10/20,17,4, sometimes i can't get the internet and the will die if not fed once a day.
2932,10/10/20,19,3, everytime i open tapfish it immediately closes n i have to tap it again to get it to start.
2810,10/10/20,16,2, so you cant get most of the trophies without spending money every month on the game.
2765,10/10/20,16,5, love this app but it won't let me claim my 7 collection in the frog task.
3123,10/10/20,33,5, i love this game very addictive but i dont like how its so hard to get fish bucks and that some of the challenges need quite a bit of them and the quests
2854,10/10/20,17,3, i never got compensation for what i had lost but i guess that's how it goes.
2710,10/10/20,15,5, just taken a load off fish off me snd won't let me breed fish
2772,10/10/20,16,5, i love dis game... even though i have to fight my girl to have a turn'''
3099,10/10/20,30,5, i can't even see the quests with the new update and if i accidentally hit them it force closes and asks what way i want to send an email.
2756,10/10/20,15,2, i definitely miss the older version of tap fish... when it never froze my phone
2897,10/10/20,18,2, it starts you off with simple goals then every achievement after that requires you to buy fish bucks.
2844,10/10/20,17,4, it would be better if there were more fish you didn't have to  buy with fishbucks.
2752,10/10/20,15,2, interesting so far but seems like you get no where without real money being spent
3098,10/10/20,29,2, game constantly fails when trying to parse data causing application to close the only way to fix is to reinstall the application losing all your fish and starting over.
2774,10/10/20,16,5, i like taking care of my fish and doing the quests unlike some fish tank games.
3106,10/10/20,31,5, if u play the game i advise u not to put any money out of your pocket into it because someway somehow u will lose it and get nothing in return!
3001,10/10/20,22,5, i just wish we could log in to it so we can save our tanks & everything else when we get new phones!
3044,10/10/20,24,4, fun jus takes forever for fish to grow an its hard to earn fish bucks if you dont wanna buy them with real money
2808,10/10/20,16,2, i emailed the developer only to get a generic email about transferring data to another phone .
2943,10/10/20,20,5, i love the game... wish the fish would grow faster... and i wish it was easier to get fish bucks..
3151,10/10/20,51,4, i had hundreds of dollers worth of fish backgrounds plants decorations all in 58 tanks lost it all when i had to change phones because my phone went bad not happy i cant get that back i dont want to start over love the game i just dont want to start over
2742,10/10/20,15,3, i prefer fish live but this is a pretty good game i am enjoying it
2803,10/10/20,16,3, the submarine would return back to the tank then the game would shut down n close.
2695,10/10/20,15,5, i really enjoy looking after the aquarium's. as well as cross breeding the fish.
3059,10/10/20,25,4, it's a fun game that kills time the only problem is that you can't change what kind of fish you want to breed
2906,10/10/20,19,5, love this game its fun eazy and entertaining the fish are graet the events r fun the issues resolved
3163,10/10/20,103,1, tap fish used to be a good fun game and i have played for a very long time but now everything cost fish bucks and i refuse to spend real money on a free game or game period and now the events have just stopped...used to be events all the time and kept it fun..its no fun anymore and when there is stuff to do it involves fish bucks and you can't even play or enjoy it....all new mystery and reg breedables cost bucks.....thinking of uninstalling after all this time unless it changes and they rnt so greedy!
2896,10/10/20,18,3, for any earned coins or bucks-keep all emails regarding them until they show up on your account.
2840,10/10/20,17,4, the erotic ads that are displayed in my windows are really awkward... where is this coming from?
3006,10/10/20,22,4, i recommend you install this game but one problem it uses to much of my time other than that it's great.
3057,10/10/20,25,4, it is very good because you can understand how to take care of fish from this game but the prices of everything is to high
2998,10/10/20,21,2, update: lowering from 4 to 2 * due to earning fishbucks issues...i have been receiving less fishbucks upon completion then the offers state.
3072,10/10/20,26,3, i like the game save ur bucks their hard to come by seem like they want u 2 use cash to advance other than that good game
3058,10/10/20,25,4, everytime i try to add a friend it says they do not exist and when trying to add me it says the same plz fix
3112,10/10/20,31,1, not even playable can't buy new fish due to force close do not wast your time eats meyory dive event = force close needs to be fixed a.s.a.p.
3012,10/10/20,22,1, if you have to spend fish bucks to buy fish - the fish should be sold back for fish bucks and not coins.
2968,10/10/20,20,1, i love this game but till you can get more christmas events and fish for coins you are getting 1 star
2771,10/10/20,16,5, okay i play this all the time ever while i was at the movies .so fun
2988,10/10/20,21,4, it would be a really nice add-on to have a link straight from the trophy room to buy required fish.
2814,10/10/20,17,4, the only problem i have with this game is that it's hard to get fish bucks.
2807,10/10/20,16,3, but my issue is to be able to move my tanks from my old phone to.
2857,10/10/20,17,3, i really enjoy breeding and collecting fish very easy to use my daughter enjoy it as well
2983,10/10/20,21,5, it may not be real fish but i can't help but feel sad every time i sell one of them
2874,10/10/20,18,5, living in an apartment and not being able to have a fish tank this app makes it easy
2697,10/10/20,15,5, downfall.... i'm not going yo pay hundreds of dollars to get the cool fish.
3062,10/10/20,25,1, this game would fun if you didn't have to use your own money to buy fish bucks to get the really cool features/items.
2915,10/10/20,19,5, nice app for people that can have pet in the house this is a good game to be intertane
2806,10/10/20,16,3, the company however is a rip off because you have to keep spending money on fishbucks.
2821,10/10/20,17,2, i'd give it above 2 stars if it had more achievements that didn't require blowing money.
2794,10/10/20,16,1, didn't get the new year event until yesterday and it will only be open 2 days.
2734,10/10/20,15,1, past event (christmas) is still present with an error if you try to open it.
2795,10/10/20,16,1, but need to be able to get mote fish bucks and the levels should be shorter
2692,10/10/20,15,5, this is a grate game and i will play it every day from now on.
2702,10/10/20,15,5, i highly recommend installing this app if you are looking to keep a virtual pet
2699,10/10/20,15,5, could use a bit of of update on the fish selection in few categories...old.
2944,10/10/20,20,5, better than a real fish tank cuz if they all die its nothing that a lil money can't fix
2683,10/10/20,15,1," four months of no fish growth,   tank level up, breeding of new fish every 3 days."
3017,10/10/20,22,3, i would give the better rate but you did upgrade and i can't work with cleaning or feeding please fix this
2788,10/10/20,16,4, everything in the game has a price and a lot of those prices are extremely high.
3155,10/10/20,61,2, i had this game on another phone played for a long time i had to get another phone and i lost my tanks but yet once i searched for a friend on social i found my old tanks and my fishes all dead...is there any way that i could get my old game back instead of starting all over again?
3065,10/10/20,26,5, i got a limited edition santa and mrs claus fish thats 2 fish in first lot they are breeding im now getting a christmas turtle (ultra rare)
3146,10/10/20,46,5, i love it this game is soooo coool fun and it has very wierd but coool fish .if u want a game where u can get new and breed fish and have coool fish and tanks this is the game for u can   b-) :-p :-) :-d
2969,10/10/20,20,3, any time i try to do anything other than feed and love my fish it force closes every dingle time!
3089,10/10/20,28,4, update-after installing tap ranch to earn free fish bucks and have another game to try..i haven't been able to open tap fish to resume playing :-/
2753,10/10/20,15,2, please fix i cant fo the quests st all and i really lije this gamr
2989,10/10/20,21,4, this game is good everything works ok but its really slow and i keep losing loads of coins please fix this
2921,10/10/20,19,4, if you like fish you'll love it... if you don't... well guess you wouldn't be here(:
2954,10/10/20,20,5, unistalled and reinstalled this game is a lot better glad u guys fixed it please keep up the good work :-)
2721,10/10/20,15,4, hard to earn fishbucks tho and connection is bad sometimes but cool other than that
2833,10/10/20,17,5, my 1 year old son loves to sit on my lap and just watch the fish swim around!!
2967,10/10/20,20,1, .....u would b able to log in and pick up right where u left off....this option would be great!
3120,10/10/20,32,3, ever since the update i can't clean my tank and my happiness for each tank went from 96 down to the 50's. now i can't get bonus money well selling fish.
2846,10/10/20,17,4, its lags a little and some of the fish cost alot but overall its a good game
2850,10/10/20,17,1, also fish are so much smaller on my new galaxys3 than they were on my smaller old phone.
2916,10/10/20,19,5, ad d me i'm new plz add i want and need freindz i just have 2 freindz plz add!
2889,10/10/20,18,1, maybe also set it up with an email to log in so then u wouldn't lose everything.
2871,10/10/20,18,5, i had this game five times.even though it takes up alot of space it is really fun
3138,10/10/20,40,4, i got a new phone and    now i cannot get back into the game that i have   spent so much money on i have been well over $1000.00 and it's a shame to lose everything that i just built up..
3135,10/10/20,38,5, this game is the bomb..... on ly thing is that wen i gt a new phone and install it again i have to start all over.... besides that i love it been playing this game for a year
2828,10/10/20,17,5, i love this game because you make new breed of fish get a whole lot of money
3086,10/10/20,28,5, i love this game but since i updated it the last time it force closes on me 9 out oc 10 times please fix the problem i have android oltimus
3092,10/10/20,28,2, i llove this and would have recommended to anyone b4 my original game all my fish bucks and over 10 thousand coins was lost and i had to start over!!! :-(
3063,10/10/20,25,3, why in the event that their is they dont give me what i collect i have to keep doing it all over in my cellphone
3045,10/10/20,24,1, bought fish buck and never got them 20.00 worth now have to call bank to fight it stop deleteing my post and refund my money!!!!
3029,10/10/20,23,5, i have played for quite a while and found the color and speed better on my lg than i had on my droid.
2725,10/10/20,15,4, love this app i just wish there was an easier way to .earn fish bucks
2843,10/10/20,17,4, once visiting neighbor tanks some of them are called premiums which u aren't allowed to buy.
3111,10/10/20,31,4, its fun and addictive but the fish bucks and coins issue i really wish i could make more easily but if i could what would be the object of the game
2950,10/10/20,20,5, i love this game i love being able to take care and breed beautiful fishes it is soo much fun
2974,10/10/20,20,2, the sub division event keeps locking up or goes  black and glitches my phone please fix it or trash it
2955,10/10/20,20,5, so far i am really having a good time with this game and my kids also love it as well!
3156,10/10/20,62,1, i could just cry:(  i have been playing this game for a year and on your last update i woke up in the morning to find that all my fish that i have spent my money on are all gone.  my breeding tanks say that i have hatched eggs when none are in there.  what is up. how can i fix this?
2997,10/10/20,21,3, please help me move tanks to my new phone...was at level 36 with 29 tanks and now back to level 4 with 3 tanks!
2858,10/10/20,17,3, whereas the fishes that are within our means can only be sold for just a petty amount.
3077,10/10/20,27,5, tao fish is so fun its like real live fish please play you dont have to feed them every day maby like once or twice a day
3025,10/10/20,23,5, really fun game...i play together with my 9 year old and we have so much fun showing each other what we have done...5 *****
2912,10/10/20,19,5, i love this game and.the events that happen now and then but please dont make everything fish buks
3034,10/10/20,23,4, it's great other then the glitches and when i get a new phone i cant get my game data to switch over.
2951,10/10/20,20,5, one of the most exciting games i have found that keeps my interest even when i am not actually playing.
3142,10/10/20,43,3, it happens almost everytime i use the store.i've lost coins and bonuses multiple times.please fix the force close issues and i will definatly rate 5 stars.i think this game would be as close to perfect as you can get then.
2830,10/10/20,17,5, support is very helpful and has helped several times :)  still love the game and hooked on it!
3145,10/10/20,46,5, and i had just purchased fish bucks 40.00 dollars worth...i emailed the adress given but it was no longer valid... been force closing alot..these 2 issues happened before..but cant continue to lose money i use to buy new fish..decorations. .and maintain my tank but.
2911,10/10/20,19,5, love the upgrades that have been made so much better than the original awsome game i enjoy playing it
2783,10/10/20,16,4, but my issue is to be able to move my tanks from my old phone to.
3068,10/10/20,26,5, its pretty much like taking care of real fish except you need to look after the fishes you buy like two to three times a day.
2736,10/10/20,15,3, it's kinda boring to me...maybe because i don't fully understand the game
2910,10/10/20,19,5, i started this on my kindle and loved it so much that i now havs it on my phone :)
3154,10/10/20,60,5, i love this app i just wish i could make more money on it and i didnt have to pay for stuff i want and it force closes on me a lot but i love all the cool fish and enjoy playing it would be much better if the problems were fixed then id give it a 10 if i could
3162,10/10/20,81,3, love this game but every once and a wile it would force close and 2 days ago it wouldn't let me play unless i updated it now it won't open very upset had a lot of cool fish and now sense it won't open i no there all dead i'm gonna give it another day or 2 to fix if not i'm gonna uninstall cus there is no point in having a game if it doesn't work
2837,10/10/20,17,5, my grandkids play this all the time they love it and they are learning to be responsible.
2934,10/10/20,19,3, still force closing and tell me how to get rid of the remaining bubble fish from the bubble event.
2841,10/10/20,17,4, i expected to have better fish that had more of a thanksgiving look like indians and pilgrims.
2727,10/10/20,15,1, i read comments from the updated and it seems lk this game is goin down.
2796,10/10/20,16,1, i have paid a lots of money to this game for it not to working correctly.
2987,10/10/20,21,4, fish bucks should be easier to get and there should be more fish u can buy with coins instead of bucks.
2894,10/10/20,18,3, i will purchase a game that i enjoy but i will not purchase play money using real money.
2791,10/10/20,16,4, ya its a good game but there are few things to upgrade work on that guys
2852,10/10/20,17,1, it's bullshit that you should have yo buy fish bucks and you can't earn them ..
2762,10/10/20,16,5, so exciting to see new fish we can buy when we earn our coins and fishbucks.
3136,10/10/20,38,5, i love this game it is very interesting and it is fun it is like having your own fish and being able to take care of them and there are fish that you would never think of it
2767,10/10/20,16,5, i have 5 fish tanks at home and i guess i really like fish u can say.
2691,10/10/20,15,5, originally got it for my 2 year but i am so addicted we fight over it!
2715,10/10/20,15,4, if you are willing to earn or buy them it is an awesome game though.
2782,10/10/20,16,5, really fun and addicting so glad they give you fish bucks when you complete a level.
3100,10/10/20,30,5, for those having problems breeding the limited breedable fish.dont forget they have selected partners to breed with.you cant mix and match all of them like the regular breedables
3129,10/10/20,35,3, updated my tap fish and all my fish that i had just used my fish bucks to revive were dead and lots of my special fish that i had in display tanks are just gone..
2905,10/10/20,19,5, if it dont stop working on  me when i just invested money and a lot of time in it.
2711,10/10/20,15,4, since the last update my live wallpaper doesn't show any of my tank decorations.
3036,10/10/20,23,4, good and fun but if u acedentally press something for sail it makes u buy it but is totaly free and not glitchy
2738,10/10/20,15,3, this app is really good to see what type of breeds of fish their are.
3139,10/10/20,42,5, i don't have like the idea of having to buy fish bucks for real money ey to get most of the fish a d do most of the challenges but they are helpful if there is something wrong with your game
3056,10/10/20,25,4, cctv gb kb h txt gb in uv°„c f gb in uv hertz screech gb durex etc ft dad°„c sf°„c tux yeahhhh
2731,10/10/20,15,1, i installed and ran a partner app was supposed to get 25 fishbucks for doing so.
3141,10/10/20,43,4, fun and makes a neat background but hassle to get enough fishbucks to buy stuff should b able buy stuff wit jus coins kinda dumb they want u use real $ for fishbu ks to get stuff for fake fish on a free app
3022,10/10/20,22,3, if i had that kind of money i would just pay a game designer to create me a game i can play.
2716,10/10/20,15,4, i had to reinstall this game so i lost everything but i still love it.
2718,10/10/20,15,4, would love more if ya could earn fishbucks or buy with profits from fish sold.
2746,10/10/20,15,3, pretty fish that dont smell great what more could u expect from a fish app ?
2978,10/10/20,21,5, it gets harder and harder to level up to purchase enough tanks for all breeds of fish and the event fish.
2917,10/10/20,19,4, it's a fun game but for some reason it's really slow when i click on fish eggs.
3153,10/10/20,51,1, now there's a frog game and i can't stay awake through the night every 2 and a half hours or so to pop frogs and if you don't pop them fast enough they don't grow up they want you to get by the frog eggs at its ridiculous.
2728,10/10/20,15,1, the christmas event didn't load until the day before it was due to expire.
2860,10/10/20,17,2, fish are so much smaller on my new galaxysiii than they were on my smaller old phone.
2902,10/10/20,19,5, all the christmas fish i just bred and other christmas fish that i bought to bred are all missing.
3048,10/10/20,24,1, bought fish buck and never got them 20.00 worth now have to call bank to fight it stop deleteing my post and refund my money!!!!
2979,10/10/20,21,5, i was  never interested in playing any of them until a yr ago when my 13 yr old showed me this one.
